timestamp,tempsmis,question,response,vrairep
1752263965.871996,22.324854,"Un cactus mexicain, milieu idéal pour élever ses œufs de tarentules",vrai,Faux
1752264004.7615025,38.847112,"Le panga, poisson, élevé dans le delta du Mékong, serait abondamment nourrit de produits chimiques, métaux lourds et autres farines de poissons pour finir à peu de frais dans nos assiettes.",faux,Faux
1752264012.3032398,7.498768,Allons nous vraiment passer 3 jours sans voir le soleil à cause d'une tempête solaire ?,faux,Faux
1752264019.8422167,7.495021,"Le frelon asiatique menace nos abeilles, mais faut-il multiplier les pièges dont l'utilité est encore incertaine ?",vrai,Faux
1752264035.7682803,15.883672,"Suite aux ouragans qui ont ravagé la Louisiane et détruit une grande partie du bois naturel, va-t-on devoir faire face à une invasion de termites ?",vrai,Faux
1752264047.0825605,11.27163,Ces traces dans le ciel... Ne serait-ce pas la preuve que les militaires tentent de vous empoisonner ? Ou n'est-ce qu'une théorie du complot de plus ?,faux,Faux
1752264059.0155425,11.888802,"LETTRE D'ALBERT EINSTEIN À SA FILLE LIESERL Energie = amour x lumière au carré, est-ce vraiment là le fond de la pensée d'Einstein ?",faux,Faux
1752264064.101775,5.037533,La NASA a-t-elle vraiment pondu une étude prédisant la fin du monde ?,vrai,Faux
1752264094.7900305,30.641304,"Fin octobre 2022, le blog "" Courrier des stratèges"" affirmait qu'un nouveau règlement européen permettrait à la Présidente de la Commission d'imposer un nouveau pass vaccinal en France.",vrai,Faux
1752264105.625761,10.784945,"Donald Trump a suggéré de construire un mur pour empêcher les hordes envahissantes de « violeurs » et de « trafiquants de drogue » à la peau brune d'entrer dans le pays, s'est embarqué dans la création d'un registre national pour les musulmans comme Hitler l'a fait avec les juifs.",vrai,Faux
1752264135.3470292,29.672575,"Dans son dernier discours devant les Nations Unies, le président Barack Obama a reconnu que le mondialisme a conduit « à une collision de cultures », mais a exhorté les pays à adopter la démocratie libérale et l'internationalisation.",pas_sur,Faux
1752264147.4505155,12.057868,"ABC révèle que Trump a payé « des centaines de millions » par des oligarques russes. il est ouvertement soutenu par les médias russes contrôlés par l'État et par les services de renseignement russes, qui ont violé les serveurs électroniques des agents du Parti démocrate.",faux,Faux
1752264157.3651805,9.866299,Les récents incendies de forêt ont mis plus de carbone dans l’atmosphère que « la race humaine n’en a émis au cours des 100 dernières années ».,vrai,Faux
1752264168.4158895,11.008292,Le président Joe Biden a annoncé des incitations fiscales pour les familles désireuses d’accueillir des migrants dans le cadre d’une nouvelle initiative « Housing for Labor ».,vrai,Faux
1752264193.9892132,25.529869,Un minerai indispensable à l’industrie électronique serait la cause d'un désastre humanitaire en République Démocratique du Congo.,vrai,Faux
1752264206.3906353,12.353406,Elon Musk suscite la controverse avec la décision de X de collecter des données biométriques.,vrai,Vrai
1752264227.6038566,21.167772,Le projet de loi C-18 pourrait voir Google et Meta verser 4 % de leurs revenus de recherche canadiens au secteur de l’information.,vrai,Vrai
1752264240.1678178,12.519433," En mai dernier, Sundar Pichai, PDG de Google, a annoncé que l’entreprise utiliserait l’intelligence artificielle pour réimaginer l’ensemble de ses produits.",pas_sur,Vrai
1752264250.842903,10.62678,"Le monde selon Hinton, professeur émérite à l’Université de Toronto: Ralentir l’IA n’est pas la solution.",vrai,Vrai
1752264273.8449318,22.959133,"Mistral AI avait déjà levé, il y a moins de six mois, 112 millions de dollars pour créer un rival européen à OpenAI. Co-fondée par des anciens de Google DeepMind et Meta.",pas_sur,Vrai
1752264286.1101503,12.221163,"OpenAI, la société d’intelligence artificielle à l’origine de ChatGPT, envisage de fabriquer ses propres puces d’intelligence artificielle et serait même allée jusqu’à évaluer une potentielle acquisition.",faux,Vrai
1752264301.5711193,15.408733,"Selon un article paru dans le dernier numéro du magazine Business F1, Apple envisage la Formule 1 comme son prochain grand investissement sportif. ",vrai,Vrai
1752264324.4718935,22.860191,"Microsoft Research, la branche de R&D du géant du logiciel de Redmond, teste le stockage d’énormes quantités de données sur des plaques de verre dans le cadre d’une initiative futuriste baptisée « Project Silica ».Les chercheurs de Microsoft stockent les données dans le verre à l’aide de pixels tridimensionnels appelés voxels.",pas_sur,Vrai
1752264336.1496623,11.638121,Une nouvelle étude suggère que le diabète de type 2 entraîne un changement subtil mais cohérent de la voix d’une personne. ,faux,Vrai
1752264349.2562437,13.056854,"Un an après avoir racheté Twitter pour 44 milliards de dollars, Musk estime maintenant que la société vaut 19 milliards de dollars, soit une baisse de 55 %.",faux,Vrai
1752264364.7673478,15.467877,Microsoft a développé sa propre puce d’IA qui peut être utilisée pour former de grands modèles de langage et potentiellement éviter une dépendance coûteuse à l’égard de Nvidia.,vrai,Vrai
1752264364.849571,0.05031,Microsoft a développé sa propre puce d’IA qui peut être utilisée pour former de grands modèles de langage et potentiellement éviter une dépendance coûteuse à l’égard de Nvidia.,vrai,Vrai
1752264379.9669225,15.066035,"Le nouveau projet d’énergie géothermique de Google est maintenant opérationnel, en association avec la startup Fervo, qui a développé une nouvelle technologie pour exploiter l’énergie géothermique.",faux,Vrai
1752264387.6734035,7.659712,"Un récent sondage de la Banque TD révèle que 80% des femmes seront, au cours de leur vie, seules pour prendre les décisions qui concernent leurs finances.",faux,Vrai
1752264400.5220172,12.807131,"Plusieurs études montrent que les entrepreneurs sont plus susceptibles de souffrir de dépression, d’idées suicidaires et autres problèmes de santé mentale.",vrai,Vrai
