timestamp,tempsmis,user_id,question,response,vrairep
1753459505.03504,33.289945,131,"Un cactus mexicain, milieu idéal pour élever ses œufs de tarentules",pas_sur,Faux
1753459533.6586392,28.580262,131,"Le panga, poisson, élevé dans le delta du Mékong, serait abondamment nourrit de produits chimiques, métaux lourds et autres farines de poissons pour finir à peu de frais dans nos assiettes.",vrai,Faux
1753459559.802855,26.102716,131,Allons nous vraiment passer 3 jours sans voir le soleil à cause d'une tempête solaire ?,pas_sur,Faux
1753459604.7662926,44.917147,131,"Le frelon asiatique menace nos abeilles, mais faut-il multiplier les pièges dont l'utilité est encore incertaine ?",faux,Faux
1753459604.850864,0.040025,131,"Suite aux ouragans qui ont ravagé la Louisiane et détruit une grande partie du bois naturel, va-t-on devoir faire face à une invasion de termites ?",faux,Faux
1753459621.268629,16.373383,131,Ces traces dans le ciel... Ne serait-ce pas la preuve que les militaires tentent de vous empoisonner ? Ou n'est-ce qu'une théorie du complot de plus ?,vrai,Faux
1753459651.1474936,29.835615,131,"LETTRE D'ALBERT EINSTEIN À SA FILLE LIESERL Energie = amour x lumière au carré, est-ce vraiment là le fond de la pensée d'Einstein ?",pas_sur,Faux
1753459670.221938,19.035773,131,La NASA a-t-elle vraiment pondu une étude prédisant la fin du monde ?,pas_sur,Faux
1753459686.9123554,16.646659,131,"Fin octobre 2022, le blog "" Courrier des stratèges"" affirmait qu'un nouveau règlement européen permettrait à la Présidente de la Commission d'imposer un nouveau pass vaccinal en France.",vrai,Faux
1753459711.2542887,24.299756,131,"Donald Trump a suggéré de construire un mur pour empêcher les hordes envahissantes de « violeurs » et de « trafiquants de drogue » à la peau brune d'entrer dans le pays, s'est embarqué dans la création d'un registre national pour les musulmans comme Hitler l'a fait avec les juifs.",vrai,Faux
1753459728.6859887,17.390039,131,"Dans son dernier discours devant les Nations Unies, le président Barack Obama a reconnu que le mondialisme a conduit « à une collision de cultures », mais a exhorté les pays à adopter la démocratie libérale et l'internationalisation.",vrai,Faux
1753459751.2512612,22.518012,131,"ABC révèle que Trump a payé « des centaines de millions » par des oligarques russes. il est ouvertement soutenu par les médias russes contrôlés par l'État et par les services de renseignement russes, qui ont violé les serveurs électroniques des agents du Parti démocrate.",vrai,Faux
1753459761.735198,10.439807,131,Les récents incendies de forêt ont mis plus de carbone dans l’atmosphère que « la race humaine n’en a émis au cours des 100 dernières années ».,pas_sur,Faux
1753459782.0461206,20.269749,131,Le président Joe Biden a annoncé des incitations fiscales pour les familles désireuses d’accueillir des migrants dans le cadre d’une nouvelle initiative « Housing for Labor ».,vrai,Faux
1753459782.118748,0.026452,131,Un minerai indispensable à l’industrie électronique serait la cause d'un désastre humanitaire en République Démocratique du Congo.,vrai,Faux
1753459802.310726,20.15074,131,Elon Musk suscite la controverse avec la décision de X de collecter des données biométriques.,vrai,Vrai
1753459812.1369798,9.782076,131,Le projet de loi C-18 pourrait voir Google et Meta verser 4 % de leurs revenus de recherche canadiens au secteur de l’information.,pas_sur,Vrai
1753459822.4696503,10.292987,131," En mai dernier, Sundar Pichai, PDG de Google, a annoncé que l’entreprise utiliserait l’intelligence artificielle pour réimaginer l’ensemble de ses produits.",vrai,Vrai
1753459833.988874,11.474965,131,"Le monde selon Hinton, professeur émérite à l’Université de Toronto: Ralentir l’IA n’est pas la solution.",vrai,Vrai
1753459849.7725997,15.744481,131,"Mistral AI avait déjà levé, il y a moins de six mois, 112 millions de dollars pour créer un rival européen à OpenAI. Co-fondée par des anciens de Google DeepMind et Meta.",vrai,Vrai
1753459873.3794086,23.566847,131,"OpenAI, la société d’intelligence artificielle à l’origine de ChatGPT, envisage de fabriquer ses propres puces d’intelligence artificielle et serait même allée jusqu’à évaluer une potentielle acquisition.",pas_sur,Vrai
1753459894.2271218,20.806884,131,"Selon un article paru dans le dernier numéro du magazine Business F1, Apple envisage la Formule 1 comme son prochain grand investissement sportif. ",pas_sur,Vrai
1753459920.0310137,25.755971,131,"Microsoft Research, la branche de R&D du géant du logiciel de Redmond, teste le stockage d’énormes quantités de données sur des plaques de verre dans le cadre d’une initiative futuriste baptisée « Project Silica ».Les chercheurs de Microsoft stockent les données dans le verre à l’aide de pixels tridimensionnels appelés voxels.",pas_sur,Vrai
1753459920.103434,0.025173,131,Une nouvelle étude suggère que le diabète de type 2 entraîne un changement subtil mais cohérent de la voix d’une personne. ,pas_sur,Vrai
1753459954.7367382,34.591113,131,"Un an après avoir racheté Twitter pour 44 milliards de dollars, Musk estime maintenant que la société vaut 19 milliards de dollars, soit une baisse de 55 %.",vrai,Vrai
1753459968.5768669,13.792654,131,Microsoft a développé sa propre puce d’IA qui peut être utilisée pour former de grands modèles de langage et potentiellement éviter une dépendance coûteuse à l’égard de Nvidia.,vrai,Vrai
1753459994.3511093,25.735466,131,"Depuis le début de la pandémie, les visioconférences Zoom sont devenues une nouvelle norme dans la vie professionnelle de nombreuses personnes. Une étude révèle désormais que ces réunions virtuelles épuisent davantage le cerveau que la communication en face à face.",faux,Vrai
1753460017.3494143,22.953443,131,"Le nouveau projet d’énergie géothermique de Google est maintenant opérationnel, en association avec la startup Fervo, qui a développé une nouvelle technologie pour exploiter l’énergie géothermique.",pas_sur,Vrai
1753460029.125562,11.733858,131,"Un récent sondage de la Banque TD révèle que 80% des femmes seront, au cours de leur vie, seules pour prendre les décisions qui concernent leurs finances.",pas_sur,Vrai
1753460041.2134209,12.04745,131,"Plusieurs études montrent que les entrepreneurs sont plus susceptibles de souffrir de dépression, d’idées suicidaires et autres problèmes de santé mentale.",vrai,Vrai
