timestamp,tempsmis,user_id,question,response,vrairep
1750355203.817252,6.078345,88,"Un cactus mexicain, milieu idéal pour élever ses œufs de tarentules",faux,Faux
1750355229.0437324,25.187245,88,"Le panga, poisson, élevé dans le delta du Mékong, serait abondamment nourrit de produits chimiques, métaux lourds et autres farines de poissons pour finir à peu de frais dans nos assiettes.",vrai,Faux
1750355236.4423192,7.352349,88,Allons nous vraiment passer 3 jours sans voir le soleil à cause d'une tempête solaire ?,faux,Faux
1750355245.1894479,8.704555,88,"Le frelon asiatique menace nos abeilles, mais faut-il multiplier les pièges dont l'utilité est encore incertaine ?",vrai,Faux
1750355255.0427995,9.810619,88,"Suite aux ouragans qui ont ravagé la Louisiane et détruit une grande partie du bois naturel, va-t-on devoir faire face à une invasion de termites ?",faux,Faux
1750355265.1538303,10.068247,88,Ces traces dans le ciel... Ne serait-ce pas la preuve que les militaires tentent de vous empoisonner ? Ou n'est-ce qu'une théorie du complot de plus ?,faux,Faux
1750355272.8106081,7.608815,88,"LETTRE D'ALBERT EINSTEIN À SA FILLE LIESERL Energie = amour x lumière au carré, est-ce vraiment là le fond de la pensée d'Einstein ?",faux,Faux
1750355279.3105247,6.458266,88,La NASA a-t-elle vraiment pondu une étude prédisant la fin du monde ?,faux,Faux
1750355296.9962852,17.643312,88,"Fin octobre 2022, le blog "" Courrier des stratèges"" affirmait qu'un nouveau règlement européen permettrait à la Présidente de la Commission d'imposer un nouveau pass vaccinal en France.",faux,Faux
1750355310.550434,13.507667,88,"Donald Trump a suggéré de construire un mur pour empêcher les hordes envahissantes de « violeurs » et de « trafiquants de drogue » à la peau brune d'entrer dans le pays, s'est embarqué dans la création d'un registre national pour les musulmans comme Hitler l'a fait avec les juifs.",vrai,Faux
1750355323.431433,12.837937,88,"Dans son dernier discours devant les Nations Unies, le président Barack Obama a reconnu que le mondialisme a conduit « à une collision de cultures », mais a exhorté les pays à adopter la démocratie libérale et l'internationalisation.",vrai,Faux
1750355335.1241484,11.648942,88,"ABC révèle que Trump a payé « des centaines de millions » par des oligarques russes. il est ouvertement soutenu par les médias russes contrôlés par l'État et par les services de renseignement russes, qui ont violé les serveurs électroniques des agents du Parti démocrate.",faux,Faux
1750355356.510809,21.342291,88,Les récents incendies de forêt ont mis plus de carbone dans l’atmosphère que « la race humaine n’en a émis au cours des 100 dernières années ».,faux,Faux
1750355370.2263515,13.669226,88,Le président Joe Biden a annoncé des incitations fiscales pour les familles désireuses d’accueillir des migrants dans le cadre d’une nouvelle initiative « Housing for Labor ».,faux,Faux
1750355379.1109936,8.845449,88,Un minerai indispensable à l’industrie électronique serait la cause d'un désastre humanitaire en République Démocratique du Congo.,vrai,Faux
1750355384.2777777,5.119452,88,Elon Musk suscite la controverse avec la décision de X de collecter des données biométriques.,vrai,Vrai
1750355392.6673083,8.346445,88,Le projet de loi C-18 pourrait voir Google et Meta verser 4 % de leurs revenus de recherche canadiens au secteur de l’information.,faux,Vrai
1750355405.8072166,13.094426,88," En mai dernier, Sundar Pichai, PDG de Google, a annoncé que l’entreprise utiliserait l’intelligence artificielle pour réimaginer l’ensemble de ses produits.",vrai,Vrai
1750355411.686556,5.840218,88,"Le monde selon Hinton, professeur émérite à l’Université de Toronto: Ralentir l’IA n’est pas la solution.",vrai,Vrai
1750355422.4660633,10.742268,88,"Mistral AI avait déjà levé, il y a moins de six mois, 112 millions de dollars pour créer un rival européen à OpenAI. Co-fondée par des anciens de Google DeepMind et Meta.",vrai,Vrai
1750355433.5291843,11.014581,88,"OpenAI, la société d’intelligence artificielle à l’origine de ChatGPT, envisage de fabriquer ses propres puces d’intelligence artificielle et serait même allée jusqu’à évaluer une potentielle acquisition.",vrai,Vrai
1750355442.317158,8.742224,88,"Selon un article paru dans le dernier numéro du magazine Business F1, Apple envisage la Formule 1 comme son prochain grand investissement sportif. ",faux,Vrai
1750355472.711341,30.352587,88,"Microsoft Research, la branche de R&D du géant du logiciel de Redmond, teste le stockage d’énormes quantités de données sur des plaques de verre dans le cadre d’une initiative futuriste baptisée « Project Silica ».Les chercheurs de Microsoft stockent les données dans le verre à l’aide de pixels tridimensionnels appelés voxels.",faux,Vrai
1750355478.7090962,5.959767,88,Une nouvelle étude suggère que le diabète de type 2 entraîne un changement subtil mais cohérent de la voix d’une personne. ,faux,Vrai
1750355494.5490527,15.795286,88,"Un an après avoir racheté Twitter pour 44 milliards de dollars, Musk estime maintenant que la société vaut 19 milliards de dollars, soit une baisse de 55 %.",faux,Vrai
1750355505.408772,10.818062,88,Microsoft a développé sa propre puce d’IA qui peut être utilisée pour former de grands modèles de langage et potentiellement éviter une dépendance coûteuse à l’égard de Nvidia.,vrai,Vrai
1750355523.156531,17.702656,88,"Depuis le début de la pandémie, les visioconférences Zoom sont devenues une nouvelle norme dans la vie professionnelle de nombreuses personnes. Une étude révèle désormais que ces réunions virtuelles épuisent davantage le cerveau que la communication en face à face.",vrai,Vrai
1750355533.8784287,10.679161,88,"Le nouveau projet d’énergie géothermique de Google est maintenant opérationnel, en association avec la startup Fervo, qui a développé une nouvelle technologie pour exploiter l’énergie géothermique.",vrai,Vrai
1750355543.285484,9.366397,88,"Un récent sondage de la Banque TD révèle que 80% des femmes seront, au cours de leur vie, seules pour prendre les décisions qui concernent leurs finances.",vrai,Vrai
1750355550.2825248,6.955293,88,"Plusieurs études montrent que les entrepreneurs sont plus susceptibles de souffrir de dépression, d’idées suicidaires et autres problèmes de santé mentale.",faux,Vrai
