timestamp,tempsmis,user_id,question,response,vrairep
1752262825.3876858,10.455033,124,"Un cactus mexicain, milieu idéal pour élever ses œufs de tarentules",faux,Faux
1752262847.8834612,22.445661,124,"Le panga, poisson, élevé dans le delta du Mékong, serait abondamment nourrit de produits chimiques, métaux lourds et autres farines de poissons pour finir à peu de frais dans nos assiettes.",pas_sur,Faux
1752262867.460128,19.526697,124,Allons nous vraiment passer 3 jours sans voir le soleil à cause d'une tempête solaire ?,faux,Faux
1752262874.1848586,6.682352,124,"Le frelon asiatique menace nos abeilles, mais faut-il multiplier les pièges dont l'utilité est encore incertaine ?",vrai,Faux
1752262886.1668077,11.940999,124,"Suite aux ouragans qui ont ravagé la Louisiane et détruit une grande partie du bois naturel, va-t-on devoir faire face à une invasion de termites ?",vrai,Faux
1752262896.29297,10.080733,124,Ces traces dans le ciel... Ne serait-ce pas la preuve que les militaires tentent de vous empoisonner ? Ou n'est-ce qu'une théorie du complot de plus ?,faux,Faux
1752262904.4270833,8.090465,124,"LETTRE D'ALBERT EINSTEIN À SA FILLE LIESERL Energie = amour x lumière au carré, est-ce vraiment là le fond de la pensée d'Einstein ?",faux,Faux
1752262914.7639952,10.286516,124,La NASA a-t-elle vraiment pondu une étude prédisant la fin du monde ?,pas_sur,Faux
1752262935.8108568,20.999045,124,"Fin octobre 2022, le blog "" Courrier des stratèges"" affirmait qu'un nouveau règlement européen permettrait à la Présidente de la Commission d'imposer un nouveau pass vaccinal en France.",vrai,Faux
1752262952.282361,16.426161,124,"Donald Trump a suggéré de construire un mur pour empêcher les hordes envahissantes de « violeurs » et de « trafiquants de drogue » à la peau brune d'entrer dans le pays, s'est embarqué dans la création d'un registre national pour les musulmans comme Hitler l'a fait avec les juifs.",pas_sur,Faux
1752262968.6779876,16.35146,124,"Dans son dernier discours devant les Nations Unies, le président Barack Obama a reconnu que le mondialisme a conduit « à une collision de cultures », mais a exhorté les pays à adopter la démocratie libérale et l'internationalisation.",vrai,Faux
1752262982.2051866,13.479297,124,"ABC révèle que Trump a payé « des centaines de millions » par des oligarques russes. il est ouvertement soutenu par les médias russes contrôlés par l'État et par les services de renseignement russes, qui ont violé les serveurs électroniques des agents du Parti démocrate.",vrai,Faux
1752262991.0920892,8.843355,124,Les récents incendies de forêt ont mis plus de carbone dans l’atmosphère que « la race humaine n’en a émis au cours des 100 dernières années ».,faux,Faux
1752263006.1110442,14.974432,124,Le président Joe Biden a annoncé des incitations fiscales pour les familles désireuses d’accueillir des migrants dans le cadre d’une nouvelle initiative « Housing for Labor ».,vrai,Faux
1752263023.1067724,16.931457,124,Un minerai indispensable à l’industrie électronique serait la cause d'un désastre humanitaire en République Démocratique du Congo.,pas_sur,Faux
1752263030.2740014,7.111774,124,Elon Musk suscite la controverse avec la décision de X de collecter des données biométriques.,vrai,Vrai
1752263058.9735754,28.648271,124,Le projet de loi C-18 pourrait voir Google et Meta verser 4 % de leurs revenus de recherche canadiens au secteur de l’information.,vrai,Vrai
1752263077.2463872,18.224029,124," En mai dernier, Sundar Pichai, PDG de Google, a annoncé que l’entreprise utiliserait l’intelligence artificielle pour réimaginer l’ensemble de ses produits.",pas_sur,Vrai
1752263086.9235117,9.624601,124,"Le monde selon Hinton, professeur émérite à l’Université de Toronto: Ralentir l’IA n’est pas la solution.",vrai,Vrai
1752263108.5006533,21.526831,124,"Mistral AI avait déjà levé, il y a moins de six mois, 112 millions de dollars pour créer un rival européen à OpenAI. Co-fondée par des anciens de Google DeepMind et Meta.",vrai,Vrai
1752263127.5607553,19.018303,124,"OpenAI, la société d’intelligence artificielle à l’origine de ChatGPT, envisage de fabriquer ses propres puces d’intelligence artificielle et serait même allée jusqu’à évaluer une potentielle acquisition.",faux,Vrai
1752263141.4718573,13.861931,124,"Selon un article paru dans le dernier numéro du magazine Business F1, Apple envisage la Formule 1 comme son prochain grand investissement sportif. ",faux,Vrai
1752263162.703082,21.185267,124,"Microsoft Research, la branche de R&D du géant du logiciel de Redmond, teste le stockage d’énormes quantités de données sur des plaques de verre dans le cadre d’une initiative futuriste baptisée « Project Silica ».Les chercheurs de Microsoft stockent les données dans le verre à l’aide de pixels tridimensionnels appelés voxels.",pas_sur,Vrai
1752263179.560975,16.809508,124,Une nouvelle étude suggère que le diabète de type 2 entraîne un changement subtil mais cohérent de la voix d’une personne. ,vrai,Vrai
1752263196.1757193,16.568102,124,"Un an après avoir racheté Twitter pour 44 milliards de dollars, Musk estime maintenant que la société vaut 19 milliards de dollars, soit une baisse de 55 %.",vrai,Vrai
1752263208.3640676,12.143905,124,Microsoft a développé sa propre puce d’IA qui peut être utilisée pour former de grands modèles de langage et potentiellement éviter une dépendance coûteuse à l’égard de Nvidia.,pas_sur,Vrai
1752263232.2548857,23.847049,124,"Depuis le début de la pandémie, les visioconférences Zoom sont devenues une nouvelle norme dans la vie professionnelle de nombreuses personnes. Une étude révèle désormais que ces réunions virtuelles épuisent davantage le cerveau que la communication en face à face.",vrai,Vrai
1752263256.6443057,24.347979,124,"Le nouveau projet d’énergie géothermique de Google est maintenant opérationnel, en association avec la startup Fervo, qui a développé une nouvelle technologie pour exploiter l’énergie géothermique.",vrai,Vrai
1752263266.4855633,9.792467,124,"Un récent sondage de la Banque TD révèle que 80% des femmes seront, au cours de leur vie, seules pour prendre les décisions qui concernent leurs finances.",pas_sur,Vrai
1752263281.5856512,15.054408,124,"Plusieurs études montrent que les entrepreneurs sont plus susceptibles de souffrir de dépression, d’idées suicidaires et autres problèmes de santé mentale.",vrai,Vrai
