timestamp,tempsmis,question,response,vrairep
1752244848.2871308,11.395842,"Un cactus mexicain, milieu idéal pour élever ses œufs de tarentules",pas_sur,Faux
1752244859.8417232,11.515642,"Le panga, poisson, élevé dans le delta du Mékong, serait abondamment nourrit de produits chimiques, métaux lourds et autres farines de poissons pour finir à peu de frais dans nos assiettes.",pas_sur,Faux
1752244868.1937187,8.310993,Allons nous vraiment passer 3 jours sans voir le soleil à cause d'une tempête solaire ?,faux,Faux
1752244878.902317,10.668105,"Le frelon asiatique menace nos abeilles, mais faut-il multiplier les pièges dont l'utilité est encore incertaine ?",pas_sur,Faux
1752244891.3020377,12.358684,"Suite aux ouragans qui ont ravagé la Louisiane et détruit une grande partie du bois naturel, va-t-on devoir faire face à une invasion de termites ?",pas_sur,Faux
1752244906.3229055,14.975512,Ces traces dans le ciel... Ne serait-ce pas la preuve que les militaires tentent de vous empoisonner ? Ou n'est-ce qu'une théorie du complot de plus ?,faux,Faux
1752244917.1400108,10.77496,"LETTRE D'ALBERT EINSTEIN À SA FILLE LIESERL Energie = amour x lumière au carré, est-ce vraiment là le fond de la pensée d'Einstein ?",faux,Faux
1752244927.9752052,10.790355,La NASA a-t-elle vraiment pondu une étude prédisant la fin du monde ?,vrai,Faux
1752244945.4189448,17.403435,"Fin octobre 2022, le blog "" Courrier des stratèges"" affirmait qu'un nouveau règlement européen permettrait à la Présidente de la Commission d'imposer un nouveau pass vaccinal en France.",pas_sur,Faux
1752244960.359464,14.899994,"Donald Trump a suggéré de construire un mur pour empêcher les hordes envahissantes de « violeurs » et de « trafiquants de drogue » à la peau brune d'entrer dans le pays, s'est embarqué dans la création d'un registre national pour les musulmans comme Hitler l'a fait avec les juifs.",faux,Faux
1752244973.65601,13.257608,"Dans son dernier discours devant les Nations Unies, le président Barack Obama a reconnu que le mondialisme a conduit « à une collision de cultures », mais a exhorté les pays à adopter la démocratie libérale et l'internationalisation.",pas_sur,Faux
1752244993.34865,19.652783,"ABC révèle que Trump a payé « des centaines de millions » par des oligarques russes. il est ouvertement soutenu par les médias russes contrôlés par l'État et par les services de renseignement russes, qui ont violé les serveurs électroniques des agents du Parti démocrate.",faux,Faux
1752245003.2631278,9.872098,Les récents incendies de forêt ont mis plus de carbone dans l’atmosphère que « la race humaine n’en a émis au cours des 100 dernières années ».,faux,Faux
1752245026.8038347,23.50012,Le président Joe Biden a annoncé des incitations fiscales pour les familles désireuses d’accueillir des migrants dans le cadre d’une nouvelle initiative « Housing for Labor ».,pas_sur,Faux
1752245037.8462017,10.999267,Un minerai indispensable à l’industrie électronique serait la cause d'un désastre humanitaire en République Démocratique du Congo.,faux,Faux
1752245046.1132612,8.223847,Elon Musk suscite la controverse avec la décision de X de collecter des données biométriques.,vrai,Vrai
1752245056.225975,10.071286,Le projet de loi C-18 pourrait voir Google et Meta verser 4 % de leurs revenus de recherche canadiens au secteur de l’information.,pas_sur,Vrai
1752245067.005743,10.736908," En mai dernier, Sundar Pichai, PDG de Google, a annoncé que l’entreprise utiliserait l’intelligence artificielle pour réimaginer l’ensemble de ses produits.",vrai,Vrai
1752245075.9344037,8.887715,"Le monde selon Hinton, professeur émérite à l’Université de Toronto: Ralentir l’IA n’est pas la solution.",pas_sur,Vrai
1752245090.4346333,14.458924,"Mistral AI avait déjà levé, il y a moins de six mois, 112 millions de dollars pour créer un rival européen à OpenAI. Co-fondée par des anciens de Google DeepMind et Meta.",pas_sur,Vrai
1752245101.2539856,10.776689,"OpenAI, la société d’intelligence artificielle à l’origine de ChatGPT, envisage de fabriquer ses propres puces d’intelligence artificielle et serait même allée jusqu’à évaluer une potentielle acquisition.",pas_sur,Vrai
1752245113.5232205,12.22406,"Selon un article paru dans le dernier numéro du magazine Business F1, Apple envisage la Formule 1 comme son prochain grand investissement sportif. ",faux,Vrai
1752245132.6410697,19.077154,"Microsoft Research, la branche de R&D du géant du logiciel de Redmond, teste le stockage d’énormes quantités de données sur des plaques de verre dans le cadre d’une initiative futuriste baptisée « Project Silica ».Les chercheurs de Microsoft stockent les données dans le verre à l’aide de pixels tridimensionnels appelés voxels.",pas_sur,Vrai
1752245145.053704,12.371405,Une nouvelle étude suggère que le diabète de type 2 entraîne un changement subtil mais cohérent de la voix d’une personne. ,pas_sur,Vrai
1752245154.2268815,9.131523,"Un an après avoir racheté Twitter pour 44 milliards de dollars, Musk estime maintenant que la société vaut 19 milliards de dollars, soit une baisse de 55 %.",faux,Vrai
1752245169.222162,14.953057,Microsoft a développé sa propre puce d’IA qui peut être utilisée pour former de grands modèles de langage et potentiellement éviter une dépendance coûteuse à l’égard de Nvidia.,pas_sur,Vrai
1752245182.4942977,13.231457,"Depuis le début de la pandémie, les visioconférences Zoom sont devenues une nouvelle norme dans la vie professionnelle de nombreuses personnes. Une étude révèle désormais que ces réunions virtuelles épuisent davantage le cerveau que la communication en face à face.",faux,Vrai
1752245195.9822752,13.449214,"Le nouveau projet d’énergie géothermique de Google est maintenant opérationnel, en association avec la startup Fervo, qui a développé une nouvelle technologie pour exploiter l’énergie géothermique.",pas_sur,Vrai
1752245206.3265712,10.30315,"Un récent sondage de la Banque TD révèle que 80% des femmes seront, au cours de leur vie, seules pour prendre les décisions qui concernent leurs finances.",pas_sur,Vrai
1752245216.6777666,10.309457,"Plusieurs études montrent que les entrepreneurs sont plus susceptibles de souffrir de dépression, d’idées suicidaires et autres problèmes de santé mentale.",pas_sur,Vrai
