timestamp,tempsmis,user_id,question,response,vrairep
1752266503.1036806,5.499975,127,"Un cactus mexicain, milieu idéal pour élever ses œufs de tarentules",faux,Faux
1752266516.7949338,13.644159,127,"Le panga, poisson, élevé dans le delta du Mékong, serait abondamment nourrit de produits chimiques, métaux lourds et autres farines de poissons pour finir à peu de frais dans nos assiettes.",faux,Faux
1752266523.1369245,6.29669,127,Allons nous vraiment passer 3 jours sans voir le soleil à cause d'une tempête solaire ?,faux,Faux
1752266541.025992,17.845287,127,"Le frelon asiatique menace nos abeilles, mais faut-il multiplier les pièges dont l'utilité est encore incertaine ?",pas_sur,Faux
1752266554.6612425,13.588255,127,"Suite aux ouragans qui ont ravagé la Louisiane et détruit une grande partie du bois naturel, va-t-on devoir faire face à une invasion de termites ?",pas_sur,Faux
1752266574.8131354,20.106917,127,Ces traces dans le ciel... Ne serait-ce pas la preuve que les militaires tentent de vous empoisonner ? Ou n'est-ce qu'une théorie du complot de plus ?,pas_sur,Faux
1752266584.5323536,9.673808,127,"LETTRE D'ALBERT EINSTEIN À SA FILLE LIESERL Energie = amour x lumière au carré, est-ce vraiment là le fond de la pensée d'Einstein ?",pas_sur,Faux
1752266591.712294,7.130594,127,La NASA a-t-elle vraiment pondu une étude prédisant la fin du monde ?,faux,Faux
1752266612.9153295,21.155161,127,"Fin octobre 2022, le blog "" Courrier des stratèges"" affirmait qu'un nouveau règlement européen permettrait à la Présidente de la Commission d'imposer un nouveau pass vaccinal en France.",faux,Faux
1752266631.3578458,18.394591,127,"Donald Trump a suggéré de construire un mur pour empêcher les hordes envahissantes de « violeurs » et de « trafiquants de drogue » à la peau brune d'entrer dans le pays, s'est embarqué dans la création d'un registre national pour les musulmans comme Hitler l'a fait avec les juifs.",pas_sur,Faux
1752266657.5083644,26.111158,127,"Dans son dernier discours devant les Nations Unies, le président Barack Obama a reconnu que le mondialisme a conduit « à une collision de cultures », mais a exhorté les pays à adopter la démocratie libérale et l'internationalisation.",pas_sur,Faux
1752266673.8342636,16.283645,127,"ABC révèle que Trump a payé « des centaines de millions » par des oligarques russes. il est ouvertement soutenu par les médias russes contrôlés par l'État et par les services de renseignement russes, qui ont violé les serveurs électroniques des agents du Parti démocrate.",pas_sur,Faux
1752266694.0590978,20.178963,127,Les récents incendies de forêt ont mis plus de carbone dans l’atmosphère que « la race humaine n’en a émis au cours des 100 dernières années ».,vrai,Faux
1752266705.0207675,10.915962,127,Le président Joe Biden a annoncé des incitations fiscales pour les familles désireuses d’accueillir des migrants dans le cadre d’une nouvelle initiative « Housing for Labor ».,pas_sur,Faux
1752266730.0577493,24.997764,127,Un minerai indispensable à l’industrie électronique serait la cause d'un désastre humanitaire en République Démocratique du Congo.,vrai,Faux
1752266741.5533142,11.451017,127,Elon Musk suscite la controverse avec la décision de X de collecter des données biométriques.,vrai,Vrai
1752266750.6019824,9.008373,127,Le projet de loi C-18 pourrait voir Google et Meta verser 4 % de leurs revenus de recherche canadiens au secteur de l’information.,pas_sur,Vrai
1752266763.785588,13.139232,127," En mai dernier, Sundar Pichai, PDG de Google, a annoncé que l’entreprise utiliserait l’intelligence artificielle pour réimaginer l’ensemble de ses produits.",vrai,Vrai
1752266774.5816376,10.753768,127,"Le monde selon Hinton, professeur émérite à l’Université de Toronto: Ralentir l’IA n’est pas la solution.",pas_sur,Vrai
1752266789.2242413,14.595191,127,"Mistral AI avait déjà levé, il y a moins de six mois, 112 millions de dollars pour créer un rival européen à OpenAI. Co-fondée par des anciens de Google DeepMind et Meta.",vrai,Vrai
1752266804.71723,15.445537,127,"OpenAI, la société d’intelligence artificielle à l’origine de ChatGPT, envisage de fabriquer ses propres puces d’intelligence artificielle et serait même allée jusqu’à évaluer une potentielle acquisition.",vrai,Vrai
1752266816.8362846,12.077199,127,"Selon un article paru dans le dernier numéro du magazine Business F1, Apple envisage la Formule 1 comme son prochain grand investissement sportif. ",pas_sur,Vrai
1752266832.5234423,15.644114,127,"Microsoft Research, la branche de R&D du géant du logiciel de Redmond, teste le stockage d’énormes quantités de données sur des plaques de verre dans le cadre d’une initiative futuriste baptisée « Project Silica ».Les chercheurs de Microsoft stockent les données dans le verre à l’aide de pixels tridimensionnels appelés voxels.",pas_sur,Vrai
1752266843.048367,10.48122,127,Une nouvelle étude suggère que le diabète de type 2 entraîne un changement subtil mais cohérent de la voix d’une personne. ,pas_sur,Vrai
1752266857.1012666,14.012117,127,"Un an après avoir racheté Twitter pour 44 milliards de dollars, Musk estime maintenant que la société vaut 19 milliards de dollars, soit une baisse de 55 %.",vrai,Vrai
1752266864.2918353,7.148046,127,Microsoft a développé sa propre puce d’IA qui peut être utilisée pour former de grands modèles de langage et potentiellement éviter une dépendance coûteuse à l’égard de Nvidia.,vrai,Vrai
1752266878.737547,14.399494,127,"Depuis le début de la pandémie, les visioconférences Zoom sont devenues une nouvelle norme dans la vie professionnelle de nombreuses personnes. Une étude révèle désormais que ces réunions virtuelles épuisent davantage le cerveau que la communication en face à face.",vrai,Vrai
1752266897.3551357,18.564469,127,"Le nouveau projet d’énergie géothermique de Google est maintenant opérationnel, en association avec la startup Fervo, qui a développé une nouvelle technologie pour exploiter l’énergie géothermique.",pas_sur,Vrai
1752266907.0427358,9.63727,127,"Un récent sondage de la Banque TD révèle que 80% des femmes seront, au cours de leur vie, seules pour prendre les décisions qui concernent leurs finances.",faux,Vrai
1752266917.4435213,10.353312,127,"Plusieurs études montrent que les entrepreneurs sont plus susceptibles de souffrir de dépression, d’idées suicidaires et autres problèmes de santé mentale.",faux,Vrai
